100,NEM12,202604190000,GRIDSENSE,AUSGRID
200,6123456789,B1,001,B1,N1,VICPOWER,kWh,30,20260401
300,20260413,0.121,0.098,0.087,0.076,0.072,0.068,0.065,0.071,0.089,0.134,0.178,0.212,0.245,0.267,0.289,0.312,0.398,0.523,0.712,0.934,1.156,1.312,1.423,1.534,1.623,1.712,1.789,1.834,1.756,1.645,1.512,1.389,1.267,1.156,1.023,0.889,0.756,0.623,0.512,0.423,0.356,0.289,0.234,0.189,0.156,0.134,0.121,0.112,A,,,20260414000000,
300,20260414,0.112,0.089,0.078,0.067,0.063,0.059,0.056,0.062,0.081,0.127,0.169,0.203,0.236,0.258,0.280,0.303,0.389,0.514,0.703,0.925,1.147,1.303,1.414,1.525,1.614,1.703,1.780,1.825,1.747,1.636,1.503,1.380,1.258,1.147,1.014,0.880,0.747,0.614,0.503,0.414,0.347,0.280,0.225,0.180,0.147,0.125,0.112,0.103,A,,,20260415000000,
300,20260415,0.134,0.112,0.098,0.089,0.084,0.081,0.078,0.085,0.103,0.156,0.201,0.245,0.278,0.301,0.323,0.356,0.456,0.598,0.789,1.012,1.234,1.398,1.523,1.645,1.745,1.834,1.912,1.956,1.878,1.756,1.612,1.478,1.345,1.212,1.078,0.945,0.812,0.678,0.556,0.467,0.389,0.312,0.256,0.212,0.178,0.156,0.134,0.123,A,,,20260416000000,
300,20260416,0.145,0.123,0.109,0.098,0.092,0.089,0.085,0.093,0.112,0.167,0.212,0.256,0.289,0.312,0.334,0.367,0.478,0.623,0.823,1.056,1.289,1.456,1.589,1.712,1.823,1.912,1.989,2.034,1.956,1.834,1.678,1.534,1.398,1.267,1.123,0.989,0.856,0.723,0.598,0.501,0.423,0.345,0.289,0.234,0.198,0.167,0.145,0.134,A,,,20260417000000,
300,20260417,0.156,0.134,0.121,0.109,0.103,0.098,0.094,0.101,0.123,0.178,0.223,0.267,0.301,0.323,0.345,0.378,0.501,0.656,0.867,1.112,1.356,1.534,1.678,1.823,1.945,2.034,2.112,2.156,2.078,1.945,1.778,1.623,1.478,1.345,1.189,1.045,0.912,0.778,0.645,0.545,0.456,0.378,0.312,0.256,0.212,0.178,0.156,0.145,A,,,20260418000000,
300,20260418,0.167,0.145,0.132,0.121,0.115,0.109,0.105,0.112,0.134,0.189,0.245,0.289,0.323,0.345,0.367,0.401,0.534,0.701,0.923,1.178,1.434,1.623,1.778,1.934,2.067,2.156,2.234,2.278,2.201,2.056,1.889,1.723,1.567,1.423,1.256,1.101,0.967,0.834,0.689,0.589,0.489,0.401,0.334,0.278,0.234,0.189,0.167,0.156,A,,,20260419000000,
300,20260419,0.178,0.156,0.142,0.132,0.125,0.118,0.114,0.121,0.145,0.201,0.256,0.301,0.334,0.356,0.378,0.412,0.556,0.734,0.967,1.234,1.501,1.701,1.867,2.034,2.178,2.267,2.345,2.389,2.312,2.156,1.978,1.801,1.634,1.478,1.312,1.145,0.989,0.856,0.712,0.612,0.512,0.423,0.356,0.289,0.245,0.201,0.178,0.167,A,,,20260420000000,
900
